{
    "frame": {
        "image": {
            "src": "panel.png",
            "stretch": [16, 16, 16, 16],
            "padding": [16, 16, 16, 16]
        }
    },
    "titlebar": {
        "left": {
            "image": {
                "src": "titlepanel.png",
                "region": [0, 32, 28, 48],
                "stretch": [16, 16, 12, 32]
            }
        },
        "center": {
            "image": {
                "src": "titlepanel.png",
                "region": [28, 32, 72, 48],
                "stretch": [24, 24, 16, 16],
                "padding": [24, 24, 16, 24]
            }
        },
        "right": {
            "image": {
                "src": "titlepanel.png",
                "region": [100, 32, 28, 48],
                "stretch": [0, 16, 0, 20]
            }
        },
        "frame": {
            "image": {
                "src": "titlepanel.png",
                "region": [0, 0, 128, 32],
                "stretch": [16, 16, 96, 16],
                "padding": [16, 16, 0, 16]
            }
        },
        "font_size": 18
    },
    "button": {
        "up": {
            "image": {
                "src": "button.png",
                "stretch": [8, 6, 2, 2],
                "padding": [18, 18, 8, 6]
            },
            "highlight": {
                "image": {
                    "src": "button-highlight.png",
                    "stretch": [8, 6, 2, 2],
                    "padding": [18, 18, 8, 6]
                }
            }
        },
        "down": {
            "image": {
                "src": "button-down.png",
                "stretch": [8, 6, 2, 2],
                "padding": [18, 18, 8, 6]
            },
            "highlight": {
                "image": {
                    "src": "button-highlight.png",
                    "stretch": [8, 6, 2, 2],
                    "padding": [18, 18, 8, 6]
                }
            },
            "text_color": [0, 0, 0, 255]
        }
    },
    "input": {
        "image": {
            "src": "input.png",
            "stretch": [3, 3, 2, 2],
            "padding": [3, 3, 2, 3]
        },
        "highlight": {
            "image": {
                "src": "input-highlight.png",
                "stretch": [0, 0, 8, 8],
                "padding": [0, 0, 0, 0]
            }
        }
    },
    "palette": {
        "image": {
            "src": "palette-highlight.png",
            "stretch": [3, 3, 2, 2],
            "padding": [3, 3, 2, 3]
        }
    },
    "hscrollbar": {
        "bar": {
            "image": {
                "src": "hscrollbar.png",
                "region": [64, 0, 16, 16],
                "stretch": [6, 0, 4, 16]
            }
        },
        "left": {
            "image": {
                "src": "hscrollbar.png",
                "region": [0, 0, 16, 16]
            }
        },
        "leftmax": {
            "image": {
                "src": "hscrollbar.png",
                "region": [48, 0, 16, 16]
            }
        },
        "right": {
            "image": {
                "src": "hscrollbar.png",
                "region": [32, 0, 16, 16]
            }
        },
        "rightmax": {
            "image": {
                "src": "hscrollbar.png",
                "region": [80, 0, 16, 16]
            }
        },
        "space": {
            "image": {
                "src": "hscrollbar.png",
                "region": [16, 0, 16, 16],
                "stretch": [0, 0, 16, 16]
            }
        }
    },
    "vscrollbar": {
        "bar": {
            "image": {
                "src": "vscrollbar.png",
                "region": [0, 16, 16, 16],
                "stretch": [0, 6, 16, 4]
            }
        },
        "down": {
            "image": {
                "src": "vscrollbar.png",
                "region": [0, 48, 16, 16]
            }
        },
        "downmax": {
            "image": {
                "src": "vscrollbar.png",
                "region": [0, 0, 16, 16]
            }
        },
        "space": {
            "image": {
                "src": "vscrollbar.png",
                "region": [0, 64, 16, 16],
                "stretch": [0, 0, 16, 16]
            }
        },
        "up": {
            "image": {
                "src": "vscrollbar.png",
                "region": [0, 80, 16, 16]
            }
        },
        "upmax": {
            "image": {
                "src": "vscrollbar.png",
                "region": [0, 32, 16, 16]
            }
        }
    },
    "menuoption": {
        "highlight": {
            "image": {
                "src": "input-highlight.png"
            }
        },
        "selection": {
            "text_color": [0, 0, 0, 255],
            "gui_color": [255, 255, 255, 255]
        }
    },
    "checkbox": {
        "unchecked": {
            "image": {
                "src": "checkbox.png"
            },
            "highlight": {
                "image": {
                    "src": "input-highlight.png"
                }
            }
        },
        "checked": {
            "image": {
                "src": "checkbox-checked.png"
            },
            "highlight": {
                "image": {
                    "src": "input-highlight.png"
                }
            }
        }
    },
    "slider": {
        "bar": {
            "image": {
                "src": "slider-bar.png",
                "stretch": [8, 8, 8, 0],
                "padding": [8, 8, 8, 8]
            }
        },
        "knob": {
            "image": {
                "src": "slider-knob.png"
            },
            "offset": [-5, -11]
        },
        "step": {
            "image": {
                "src": "slider-step.png"
            },
            "offset": [-2, -8]
        },
        "padding": [8, 8, 8, 8]
    },
    "section": {
        "left": {
            "image": {
                "src": "line.png",
                "region": [0, 0, 6, 4],
                "stretch": [2, 4, 4, 0],
                "padding": [0, 0, 0, 6]
            }
        },
        "center": {
            "image": {
                "src": "line.png",
                "region": [2, 0, 4, 4],
                "stretch": [0, 4, 4, 0],
                "padding": [0, 0, 0, 6]
            }
        },
        "right": {
            "image": {
                "src": "line.png",
                "region": [2, 0, 6, 4],
                "stretch": [0, 4, 4, 0],
                "padding": [0, 0, 0, 6]
            }
        },
        "opened": {
            "image": {
                "src": "book-open.png"
            }
        },
        "closed": {
            "image": {
                "src": "book.png"
            }
        },
        "font_size": 14
    },
    "dropdown": {
        "image": {
            "src": "dropdown.png",
            "stretch": [4, 8, 20, 5],
            "padding": [6, 10, 6, 10]
        },
        "pulldown": {
            "image": {
                "src": "pulldown.png",
                "stretch": [3, 3, 10, 10],
                "padding": [4, 4, 4, 4]
            }
        }
    }
}
