<resource><image file="beach-g-tr.png" id="i-beach-g-tr" />
<image file="block.png" id="i-block" />
<image file="cobble-wall-b.png" id="i-cobble-wall-b" />
<image file="cobble-wall-bl.png" id="i-cobble-wall-bl" />
<image file="cobble-wall-blr.png" id="i-cobble-wall-blr" />
<image file="cobble-wall-br.png" id="i-cobble-wall-br" />
<image file="cobble-wall-bt.png" id="i-cobble-wall-bt" />
<image file="cobble-wall-btl.png" id="i-cobble-wall-btl" />
<image file="cobble-wall-btr.png" id="i-cobble-wall-btr" />
<image file="cobble-wall-l.png" id="i-cobble-wall-l" />
<image file="cobble-wall-lr.png" id="i-cobble-wall-lr" />
<image file="cobble-wall-r.png" id="i-cobble-wall-r" />
<image file="cobble-wall-t.png" id="i-cobble-wall-t" />
<image file="cobble-wall-tl.png" id="i-cobble-wall-tl" />
<image file="cobble-wall-tlr.png" id="i-cobble-wall-tlr" />
<image file="cobble-wall-tr.png" id="i-cobble-wall-tr" />
<image file="grass-too.png" id="i-grass-too" />
<image file="grass.png" id="i-grass" />
<image file="ground-cobble.png" id="i-ground-cobble" />
<image file="ground-dark-dirt.png" id="i-ground-dark-dirt" />
<image file="ground-dirt.png" id="i-ground-dirt" />
<image file="icon-green-box.png" id="i-icon-green-box" />
<image file="roof-b.png" id="i-roof-b" />
<image file="roof-bl.png" id="i-roof-bl" />
<image file="roof-br.png" id="i-roof-br" />
<image file="roof-l.png" id="i-roof-l" />
<image file="roof-r.png" id="i-roof-r" />
<image file="roof-t.png" id="i-roof-t" />
<image file="roof-tl.png" id="i-roof-tl" />
<image file="roof-tr.png" id="i-roof-tr" />
<image file="roof.png" id="i-roof" />
<image file="sand-block-1.png" id="i-sand-block-1" />
<image file="sand-block-2.png" id="i-sand-block-2" />
<image file="sand-floor-1.png" id="i-sand-floor-1" />
<image file="sand-floor-2.png" id="i-sand-floor-2" />
<image file="sand-floor-3.png" id="i-sand-floor-3" />
<image file="stone-road.png" id="i-stone-road" />
<image file="water-grass-b.png" id="i-water-grass-b" />
<image file="water-grass-bl.png" id="i-water-grass-bl" />
<image file="water-grass-br.png" id="i-water-grass-br" />
<image file="water-grass-l.png" id="i-water-grass-l" />
<image file="water-grass-r.png" id="i-water-grass-r" />
<image file="water-grass-t.png" id="i-water-grass-t" />
<image file="water-grass-tl.png" id="i-water-grass-tl" />
<image file="water-grass-tr.png" id="i-water-grass-tr" />
<image file="water.png" id="i-water" />
<tileset id="new_tiles"><tile id="beach-g-tr"><image ref="i-beach-g-tr" /></tile>
<tile id="block"><image ref="i-block" /></tile>
<tile id="cobble-wall-b"><image ref="i-cobble-wall-b" /></tile>
<tile id="cobble-wall-bl"><image ref="i-cobble-wall-bl" /></tile>
<tile id="cobble-wall-blr"><image ref="i-cobble-wall-blr" /></tile>
<tile id="cobble-wall-br"><image ref="i-cobble-wall-br" /></tile>
<tile id="cobble-wall-bt"><image ref="i-cobble-wall-bt" /></tile>
<tile id="cobble-wall-btl"><image ref="i-cobble-wall-btl" /></tile>
<tile id="cobble-wall-btr"><image ref="i-cobble-wall-btr" /></tile>
<tile id="cobble-wall-l"><image ref="i-cobble-wall-l" /></tile>
<tile id="cobble-wall-lr"><image ref="i-cobble-wall-lr" /></tile>
<tile id="cobble-wall-r"><image ref="i-cobble-wall-r" /></tile>
<tile id="cobble-wall-t"><image ref="i-cobble-wall-t" /></tile>
<tile id="cobble-wall-tl"><image ref="i-cobble-wall-tl" /></tile>
<tile id="cobble-wall-tlr"><image ref="i-cobble-wall-tlr" /></tile>
<tile id="cobble-wall-tr"><image ref="i-cobble-wall-tr" /></tile>
<tile id="grass-too"><image ref="i-grass-too" /></tile>
<tile id="grass"><image ref="i-grass" /></tile>
<tile id="ground-cobble"><image ref="i-ground-cobble" /></tile>
<tile id="ground-dark-dirt"><image ref="i-ground-dark-dirt" /></tile>
<tile id="ground-dirt"><image ref="i-ground-dirt" /></tile>
<tile id="icon-green-box"><image ref="i-icon-green-box" /></tile>
<tile id="roof-b"><image ref="i-roof-b" /></tile>
<tile id="roof-bl"><image ref="i-roof-bl" /></tile>
<tile id="roof-br"><image ref="i-roof-br" /></tile>
<tile id="roof-l"><image ref="i-roof-l" /></tile>
<tile id="roof-r"><image ref="i-roof-r" /></tile>
<tile id="roof-t"><image ref="i-roof-t" /></tile>
<tile id="roof-tl"><image ref="i-roof-tl" /></tile>
<tile id="roof-tr"><image ref="i-roof-tr" /></tile>
<tile id="roof"><image ref="i-roof" /></tile>
<tile id="sand-block-1"><image ref="i-sand-block-1" /></tile>
<tile id="sand-block-2"><image ref="i-sand-block-2" /></tile>
<tile id="sand-floor-1"><image ref="i-sand-floor-1" /></tile>
<tile id="sand-floor-2"><image ref="i-sand-floor-2" /></tile>
<tile id="sand-floor-3"><image ref="i-sand-floor-3" /></tile>
<tile id="stone-road"><image ref="i-stone-road" /></tile>
<tile id="water-grass-b"><image ref="i-water-grass-b" /></tile>
<tile id="water-grass-bl"><image ref="i-water-grass-bl" /></tile>
<tile id="water-grass-br"><image ref="i-water-grass-br" /></tile>
<tile id="water-grass-l"><image ref="i-water-grass-l" /></tile>
<tile id="water-grass-r"><image ref="i-water-grass-r" /></tile>
<tile id="water-grass-t"><image ref="i-water-grass-t" /></tile>
<tile id="water-grass-tl"><image ref="i-water-grass-tl" /></tile>
<tile id="water-grass-tr"><image ref="i-water-grass-tr" /></tile>
<tile id="water"><image ref="i-water" /></tile>
</tileset>
</resource>
