<resource>
<image file="ground-cobble.png" id="i-ground-cobble" />
 <image file="grass-too.png" id="i-ground-grass" />
 <image file="ground-dirt.png" id="i-ground-dirt" />
 <image file="ground-dark-dirt.png" id="i-ground-dark-dirt" />
 <image file="water.png" id="i-water" />
 <image file="cobble-wall-l.png" id="i-wall-l" />
 <image file="cobble-wall-r.png" id="i-wall-r" />
 <image file="cobble-wall-lr.png" id="i-wall-lr" />
 <image file="cobble-wall-b.png" id="i-wall-b" />
 <image file="cobble-wall-t.png" id="i-wall-t" />
 <image file="cobble-wall-bl.png" id="i-wall-bl" />
 <image file="cobble-wall-tl.png" id="i-wall-tl" />
 <image file="cobble-wall-br.png" id="i-wall-br" />
 <image file="cobble-wall-tr.png" id="i-wall-tr" />
 <image file="cobble-wall-bt.png" id="i-wall-bt" />
 <image file="cobble-wall-btl.png" id="i-wall-btl" />
 <image file="cobble-wall-btr.png" id="i-wall-btr" />
 <image file="cobble-wall-blr.png" id="i-wall-blr" />
 <image file="cobble-wall-tlr.png" id="i-wall-tlr" />

 <image file="water-grass-tl.png" id="i-water-grass-tl" />
 <image file="water-grass-t.png" id="i-water-grass-t" />
 <image file="water-grass-tr.png" id="i-water-grass-tr" />
 <image file="water-grass-l.png" id="i-water-grass-l" />
 <image file="water-grass-r.png" id="i-water-grass-r" />
 <image file="water-grass-bl.png" id="i-water-grass-bl" />
 <image file="water-grass-b.png" id="i-water-grass-b" />
 <image file="water-grass-br.png" id="i-water-grass-br" />

 <image file="roof.png" id="i-roof" />
 <image file="stone-road.png" id="i-stone-road" />
 <image file="sand-floor-1.png" id="i-sand-floor-1" />
 <image file="sand-floor-2.png" id="i-sand-floor-2" />
 <image file="sand-floor-3.png" id="i-sand-floor-3" />
 <image file="roof-tl.png" id="i-roof-tl" />
 <image file="roof-tr.png" id="i-roof-tr" />
 <image file="sand-block-1.png" id="i-sand-block-1" />
 <image file="sand-block-2.png" id="i-sand-block-2" />
 <image file="roof-b.png" id="i-roof-b" />
 <image file="roof-l.png" id="i-roof-l" />
 <image file="roof-bl.png" id="i-roof-bl" />
 <image file="roof-r.png" id="i-roof-r" />
 <image file="roof-t.png" id="i-roof-t" />
 <image file="roof-br.png" id="i-roof-br" />

 <tileset>
<tile id="stone-road">
<image ref="i-stone-road" />
</tile>
<tile id="roof-t">
<property name="impassable" type="bool" value="True" />
<image ref="i-roof-t" />
</tile>
<tile id="roof-tl">
<property name="good manners" type="bool" value="True" />
<property name="bob" type="unicode" value="jesus" />
<property name="is_cat" type="bool" value="False" />
<property name="percent" type="float" value="0.5" />
<property name="impassable" type="bool" value="True" />
<image ref="i-roof-tl" />
</tile>
<tile id="roof-r">
<property name="impassable" type="bool" value="True" />
<image ref="i-roof-r" />
</tile>
<tile id="roof-tr">
<property name="impassable" type="bool" value="True" />
<image ref="i-roof-tr" />
</tile>
<tile id="roof-l">
<property name="impassable" type="bool" value="True" />
<image ref="i-roof-l" />
</tile>
<tile id="ground-grass">
<image ref="i-ground-grass" />
</tile>
<tile id="roof-b">
<property name="impassable" type="bool" value="True" />
<image ref="i-roof-b" />
</tile>
<tile id="ground-dirt">
<property name="impassable" type="bool" value="True" />
<image ref="i-ground-dirt" />
</tile>
<tile id="sand-floor-1">
<image ref="i-sand-floor-1" />
</tile>
<tile id="sand-floor-2">
<image ref="i-sand-floor-2" />
</tile>
<tile id="sand-floor-3">
<image ref="i-sand-floor-3" />
</tile>
<tile id="water-grass-bl">
<image ref="i-water-grass-bl" />
</tile>
<tile id="water">
<property name="impassable" type="bool" value="True" />
<image ref="i-water" />
</tile>
<tile id="water-grass-br">
<image ref="i-water-grass-br" />
</tile>
<tile id="sand-block-1">
<property name="impassable" type="bool" value="True" />
<image ref="i-sand-block-1" />
</tile>
<tile id="roof-br">
<property name="impassable" type="bool" value="True" />
<image ref="i-roof-br" />
</tile>
<tile id="sand-block-2">
<property name="impassable" type="bool" value="True" />
<image ref="i-sand-block-2" />
</tile>
<tile id="water-grass-l">
<image ref="i-water-grass-l" />
</tile>
<tile id="ground-dark-dirt">
<property name="impassable" type="bool" value="True" />
<image ref="i-ground-dark-dirt" />
</tile>
<tile id="water-grass-t">
<image ref="i-water-grass-t" />
</tile>
<tile id="water-grass-r">
<image ref="i-water-grass-r" />
</tile>
<tile id="ground-cobble">
<image ref="i-ground-cobble" />
</tile>
<tile id="roof">
<property name="impassable" type="bool" value="True" />
<image ref="i-roof" />
</tile>
<tile id="water-grass-tl">
<image ref="i-water-grass-tl" />
</tile>
<tile id="water-grass-tr">
<image ref="i-water-grass-tr" />
</tile>
<tile id="water-grass-b">
<image ref="i-water-grass-b" />
</tile>
<tile id="roof-bl">
<property name="impassable" type="bool" value="True" />
<image ref="i-roof-bl" />
</tile>
</tileset>
</resource>
