<resource>
<imageatlas file="road-tiles.png" size="128x128">
    <image id="i-tl" offset="0,384" />
    <image id="i-th" offset="128,384" />
    <image id="i-tr" offset="384,384" />
    <image id="i-road" offset="512,384" />

    <image id="i-vl" offset="0,256" />
    <image id="i-tli" offset="128,256" />
    <image id="i-tri" offset="256,256" />
    <image id="i-vr" offset="384,256" />
    <image id="i-empty" offset="512,256" />

    <image id="i-bli" offset="128,128" />
    <image id="i-bri" offset="256,128" />

    <image id="i-bl" offset="0,0" />
    <image id="i-bh" offset="128,0" />
    <image id="i-br" offset="384,0" />
 </imageatlas>
 <tileset>
<tile id="tri">
<image ref="i-tri" />
</tile>
<tile id="bh">
<image ref="i-bh" />
</tile>
<tile id="bri">
<property name="bob" type="unicode" value="bob" />
<image ref="i-bri" />
</tile>
<tile id="bl">
<image ref="i-bl" />
</tile>
<tile id="tr">
<image ref="i-tr" />
</tile>
<tile id="vl">
<image ref="i-vl" />
</tile>
<tile id="vr">
<image ref="i-vr" />
</tile>
<tile id="br">
<image ref="i-br" />
</tile>
<tile id="tl">
<image ref="i-tl" />
</tile>
<tile id="bli">
<image ref="i-bli" />
</tile>
<tile id="empty">
<image ref="i-empty" />
</tile>
<tile id="th">
<image ref="i-th" />
</tile>
<tile id="tli">
<image ref="i-tli" />
</tile>
<tile id="road">
<image ref="i-road" />
</tile>
</tileset>
</resource>
