<resource><requires file="road-tiles.xml" />
<rectmap id="map0" origin="0,0,0" tile_size="128x128"><column><cell tile="bl"><property type="unicode" value="True" /></cell>
<cell tile="vl" />
<cell tile="vl" />
<cell tile="vl" />
<cell tile="vl" />
<cell tile="tl" />
</column>
<column><cell tile="bh" />
<cell tile="bli" />
<cell tile="vr" />
<cell tile="vr" />
<cell tile="tli" />
<cell tile="th" />
</column>
<column><cell tile="bh" />
<cell tile="th" />
<cell tile="empty" />
<cell tile="empty" />
<cell tile="bh" />
<cell tile="th" />
</column>
<column><cell tile="bh" />
<cell tile="th" />
<cell tile="empty" />
<cell tile="empty" />
<cell tile="bh" />
<cell tile="th" />
</column>
<column><cell tile="bh" />
<cell tile="bri" />
<cell tile="vl" />
<cell tile="vl" />
<cell tile="tri" />
<cell tile="th" />
</column>
<column><cell tile="bh" />
<cell tile="bli" />
<cell tile="vr" />
<cell tile="vr" />
<cell tile="tli" />
<cell tile="th" />
</column>
<column><cell tile="bh" />
<cell tile="bri" />
<cell tile="vl" />
<cell tile="vl" />
<cell tile="tri" />
<cell tile="th" />
</column>
<column><cell tile="bh" />
<cell tile="bli" />
<cell tile="vr" />
<cell tile="vr" />
<cell tile="tli" />
<cell tile="th" />
</column>
<column><cell tile="bh" />
<cell tile="th" />
<cell tile="empty" />
<cell tile="empty" />
<cell tile="bh" />
<cell tile="th" />
</column>
<column><cell tile="bh" />
<cell tile="th" />
<cell tile="empty" />
<cell tile="empty" />
<cell tile="bh" />
<cell tile="th" />
</column>
<column><cell tile="bh" />
<cell tile="bri" />
<cell tile="vl" />
<cell tile="vl" />
<cell tile="tri" />
<cell tile="th" />
</column>
<column><cell tile="br" />
<cell tile="vr" />
<cell tile="vr" />
<cell tile="vr" />
<cell tile="vr" />
<cell tile="tr" />
</column>
</rectmap></resource>
